,City,Country,Lat,Lng,Max Temp,Humidity,Cloudiness,Wind Speed,Current Description
0,Hermanus,ZA,-34.4187,19.2345,57.9,70,62,8.14,broken clouds
1,Yellowknife,CA,62.456,-114.3525,42.42,79,40,19.57,scattered clouds
2,Sira,IN,13.7453,76.9092,70.5,95,100,14.63,overcast clouds
3,Atuona,PF,-9.8,-139.0333,78.06,77,18,18.07,few clouds
4,Tuktoyaktuk,CA,69.4541,-133.0374,28.4,93,90,11.5,overcast clouds
5,Puerto Colombia,CO,10.9878,-74.9547,89.69,68,44,4.05,scattered clouds
6,Vaini,TO,-21.2,-175.2,69.96,88,75,10.36,broken clouds
7,Daru,PG,-9.0763,143.2092,78.96,84,82,13.06,broken clouds
8,Vangaindrano,MG,-23.35,47.6,71.58,94,7,4.63,clear sky
9,Kirakira,SB,-10.4544,161.9205,79.57,83,22,7.52,few clouds
10,Rikitea,PF,-23.1203,-134.9692,74.71,82,72,19.44,broken clouds
11,Port Hedland,AU,-20.3167,118.5667,77.05,41,69,9.22,broken clouds
12,Port Elizabeth,ZA,-33.918,25.5701,62.1,72,20,26.46,few clouds
13,Bengkulu,ID,-3.8004,102.2655,75.78,90,61,3.71,broken clouds
14,Mataura,NZ,-46.1927,168.8643,49.35,97,100,0.98,overcast clouds
15,Norman Wells,CA,65.282,-126.8329,37.44,75,20,4.61,few clouds
16,Bredasdorp,ZA,-34.5322,20.0403,58.32,72,68,10.36,broken clouds
17,Mehamn,NO,71.0357,27.8492,35.85,60,100,20.38,overcast clouds
18,Havre-Saint-Pierre,CA,50.2334,-63.5986,48.79,100,90,5.75,overcast clouds
19,Vestmannaeyjar,IS,63.4427,-20.2734,47.39,87,75,9.22,broken clouds
20,Tuy Hoa,VN,13.0833,109.3,75.6,96,100,7.38,overcast clouds
21,Albany,US,42.6001,-73.9662,54.81,58,68,8.48,broken clouds
22,Abha,SA,18.2164,42.5053,66.02,59,0,2.3,clear sky
23,Lages,BR,-27.8161,-50.3261,61.88,89,72,6.29,heavy intensity rain
24,Nanortalik,GL,60.1432,-45.2371,36.43,74,24,6.26,few clouds
25,Obo,CF,5.3998,26.4869,73.8,84,78,3.6,light rain
26,Ilulissat,GL,69.2167,-51.1,19.42,79,90,21.85,light snow
27,Thompson,CA,55.7435,-97.8558,33.96,75,75,4.61,light shower snow
28,Mar Del Plata,AR,-38.0023,-57.5575,68.02,64,40,7.0,scattered clouds
29,Durres,AL,41.3231,19.4414,64.58,80,84,2.93,broken clouds
30,Punta Arenas,CL,-53.15,-70.9167,42.91,81,75,39.12,light intensity shower rain
31,Maceio,BR,-9.6658,-35.7353,90.84,62,40,14.97,scattered clouds
32,Iqaluit,CA,63.7506,-68.5145,31.73,69,40,2.3,scattered clouds
33,Kapaa,US,22.0752,-159.319,75.52,90,40,12.66,light rain
34,Skjervoy,NO,70.0311,20.9714,36.72,57,100,7.11,overcast clouds
35,Severo-Kurilsk,RU,50.6789,156.125,38.95,78,59,8.08,broken clouds
36,Solnechnyy,RU,50.7214,136.6319,32.77,85,1,4.16,clear sky
37,Astoria,US,46.1879,-123.8313,53.71,92,90,5.99,mist
38,Outjo,NA,-20.1167,16.15,72.19,8,0,13.69,clear sky
39,East London,ZA,-33.0153,27.9116,63.54,59,0,24.16,clear sky
40,Anadyr,RU,64.75,177.4833,-1.7,84,40,8.95,scattered clouds
41,Barra Velha,BR,-26.6322,-48.6847,76.59,71,57,7.31,broken clouds
42,Barrow,US,71.2906,-156.7887,30.22,86,90,13.8,overcast clouds
43,Athabasca,CA,54.7169,-113.2854,36.01,93,100,8.7,overcast clouds
44,Faya,SA,18.3851,42.4509,66.31,38,6,5.19,clear sky
45,Khorramabad,IR,33.4878,48.3558,60.15,28,0,3.44,clear sky
46,Chicama,PE,-7.8447,-79.1469,61.34,61,56,11.03,broken clouds
47,New Norfolk,AU,-42.7826,147.0587,51.66,82,100,5.01,light rain
48,Tsiroanomandidy,MG,-18.7667,46.0333,72.91,48,64,4.54,broken clouds
49,Lavrentiya,RU,65.5833,-171.0,23.67,87,100,9.95,overcast clouds
50,Tilichiki,RU,60.4667,166.1,5.68,87,96,8.86,overcast clouds
51,Hibbing,US,47.4272,-92.9377,44.1,75,90,5.75,overcast clouds
52,Ushuaia,AR,-54.8,-68.3,38.86,81,75,13.8,light rain
53,Deputatskiy,RU,69.3,139.9,-5.71,99,91,2.57,overcast clouds
54,Geraldton,AU,-28.7667,114.6,55.81,94,0,5.75,clear sky
55,Williston,US,48.147,-103.618,45.01,66,82,8.99,broken clouds
56,Barcelos,PT,41.5388,-8.6151,65.84,70,100,3.36,overcast clouds
57,Sakaiminato,JP,35.55,133.2333,49.98,93,40,5.75,scattered clouds
58,Alofi,NU,-19.0595,-169.9187,66.09,82,33,6.91,scattered clouds
59,Cockburn Town,TC,21.4612,-71.1419,84.16,65,90,12.66,overcast clouds
60,Hambantota,LK,6.1241,81.1185,79.38,78,14,12.62,few clouds
61,Cabedelo,BR,-6.9811,-34.8339,86.67,68,47,11.65,scattered clouds
62,Yaan,NG,7.3833,8.5667,74.01,87,91,4.27,overcast clouds
63,Esperance,AU,-33.8667,121.9,51.64,68,9,17.87,clear sky
64,Hasaki,JP,35.7333,140.8333,39.6,56,0,13.35,clear sky
65,Paracuru,BR,-3.41,-39.0306,87.82,61,61,12.93,broken clouds
66,Castro,BR,-24.7911,-50.0119,74.01,54,89,6.87,light rain
67,Hobart,AU,-42.8794,147.3294,52.02,93,90,1.99,overcast clouds
68,Kodiak,US,57.79,-152.4072,44.11,76,90,12.66,moderate rain
69,Awassa,ET,7.05,38.4667,62.8,62,80,4.68,broken clouds
70,Vardo,NO,70.3705,31.1107,33.33,78,99,16.28,light snow
71,Ponta Delgada,PT,37.7333,-25.6667,72.32,64,20,11.5,few clouds
72,Saint-Pierre,RE,-21.3393,55.4781,75.56,84,0,0.0,clear sky
73,Cape Town,ZA,-33.9258,18.4232,62.1,66,75,1.01,light rain
74,Saint-Philippe,RE,-21.3585,55.7679,75.47,81,81,12.44,broken clouds
75,Fortuna,US,40.5982,-124.1573,57.65,85,90,15.99,overcast clouds
76,Belle Glade,US,26.6845,-80.6676,86.0,65,97,8.25,overcast clouds
77,Teknaf,BD,20.8624,92.3058,74.73,87,89,3.83,overcast clouds
78,Hilo,US,19.7297,-155.09,73.26,96,90,5.75,moderate rain
79,Ibra,OM,22.6906,58.5334,78.57,55,22,7.74,few clouds
80,Ishigaki,JP,24.3448,124.1572,76.28,67,98,15.73,overcast clouds
81,Qaanaaq,GL,77.484,-69.3632,-1.39,57,0,7.94,clear sky
82,Cherdyn,RU,60.403,56.4787,39.78,78,96,11.92,overcast clouds
83,Clyde River,CA,70.4692,-68.5914,23.49,80,96,15.39,overcast clouds
84,Leningradskiy,RU,69.3833,178.4167,9.28,88,100,8.72,overcast clouds
85,Hamilton,US,39.1834,-84.5333,61.65,67,20,1.99,few clouds
86,Arraial Do Cabo,BR,-22.9661,-42.0278,78.76,73,0,20.71,clear sky
87,Naze,JP,28.3667,129.4833,68.25,71,85,17.56,overcast clouds
88,Berezovyy,RU,51.6667,135.7,32.45,87,6,5.39,clear sky
89,Souillac,MU,-20.5167,57.5167,75.58,78,40,10.36,scattered clouds
90,Severnyy,RU,50.677,36.5532,44.64,57,0,8.95,clear sky
91,Avarua,CK,-21.2078,-159.775,69.85,68,20,5.75,light rain
92,Luderitz,NA,-26.6481,15.1594,60.71,71,23,18.59,few clouds
93,Upernavik,GL,72.7868,-56.1549,19.47,80,79,5.95,broken clouds
94,Quelimane,MZ,-17.8786,36.8883,78.75,73,0,14.97,clear sky
95,Chokurdakh,RU,70.6333,147.9167,-4.32,94,100,5.79,overcast clouds
96,Omboue,GA,-1.5746,9.2618,76.71,84,92,6.2,overcast clouds
97,Busselton,AU,-33.65,115.3333,53.1,82,30,6.26,scattered clouds
98,Mayumba,GA,-3.432,10.6554,77.31,85,72,4.43,broken clouds
99,Rio Brilhante,BR,-21.8019,-54.5464,95.02,37,53,18.79,broken clouds
100,Laguna,US,38.421,-121.4238,64.26,80,75,4.0,broken clouds
101,Hachinohe,JP,40.5,141.5,48.81,82,39,9.15,scattered clouds
102,Shingu,JP,33.7333,135.9833,49.28,74,0,6.53,clear sky
103,Ambilobe,MG,-13.2,49.05,76.73,83,34,2.06,scattered clouds
104,Saskylakh,RU,71.9167,114.0833,7.38,95,100,16.08,light snow
105,Tasiilaq,GL,65.6145,-37.6368,33.96,84,100,5.23,overcast clouds
106,Fare,PF,-16.7,-151.0167,76.39,80,100,7.78,overcast clouds
107,Aksarka,RU,66.5606,67.7975,27.57,94,96,9.8,overcast clouds
108,Port Alfred,ZA,-33.5906,26.891,61.2,70,27,29.28,scattered clouds
109,Valparaiso,CL,-33.0393,-71.6273,71.83,48,0,10.36,clear sky
110,Banjar,ID,-8.19,114.9675,78.66,86,90,6.02,overcast clouds
111,Gat,IL,31.61,34.7642,72.81,100,0,6.85,clear sky
112,Morondava,MG,-20.2833,44.2833,73.8,71,0,8.01,clear sky
113,Kavieng,PG,-2.5744,150.7967,82.09,76,72,14.41,broken clouds
114,Wanning,CN,18.8003,110.3967,70.75,88,99,11.56,overcast clouds
115,Vila,PT,42.0304,-8.1588,54.34,73,100,2.33,overcast clouds
116,Sur,OM,22.5667,59.5289,81.81,59,0,4.88,clear sky
117,Roma,US,43.2128,-75.4557,53.69,66,75,3.44,broken clouds
118,Amahai,ID,-3.3333,128.9167,78.93,84,95,2.08,overcast clouds
119,Saldanha,ZA,-33.0117,17.9442,60.85,73,26,7.18,scattered clouds
120,Bluff,NZ,-46.6,168.3333,52.11,89,100,3.98,light rain
121,Goderich,CA,43.7501,-81.7165,49.21,61,100,8.05,overcast clouds
122,Kuliyapitiya,LK,7.4688,80.0401,78.48,96,36,3.15,scattered clouds
123,Honiara,SB,-9.4333,159.95,76.14,82,10,3.65,clear sky
124,Grindavik,IS,63.8424,-22.4338,46.87,100,75,13.8,broken clouds
125,Port Blair,IN,11.6667,92.75,80.42,78,90,1.83,overcast clouds
126,Talnakh,RU,69.4865,88.3972,22.96,96,100,7.18,light snow
127,Roebourne,AU,-20.7833,117.1333,80.22,38,66,5.06,broken clouds
128,Cabo San Lucas,MX,22.8909,-109.9124,87.62,69,40,6.91,scattered clouds
129,Dikson,RU,73.5069,80.5464,10.04,87,100,11.74,overcast clouds
130,Kathmandu,NP,27.7167,85.3167,64.62,94,75,3.44,broken clouds
131,Cherskiy,RU,68.75,161.3,-6.66,100,100,2.3,overcast clouds
132,Ngunguru,NZ,-35.6167,174.5,62.17,97,100,20.29,overcast clouds
133,Jamestown,US,42.097,-79.2353,49.59,83,90,1.99,overcast clouds
134,Vila Velha,BR,-20.3297,-40.2925,78.75,73,40,14.97,scattered clouds
135,Tuatapere,NZ,-46.1333,167.6833,50.85,97,100,0.96,light rain
136,Altenburg,DE,50.9833,12.45,47.71,80,75,3.44,broken clouds
137,Kupang,ID,-10.1667,123.5833,78.49,84,34,1.95,scattered clouds
138,Taltal,CL,-25.4,-70.4833,61.56,67,6,9.73,clear sky
139,Anqing,CN,30.5092,117.0506,58.41,58,100,3.56,light rain
140,Paamiut,GL,61.994,-49.6678,32.5,49,15,21.81,few clouds
141,Coquimbo,CL,-29.9533,-71.3436,60.53,67,20,10.36,few clouds
142,Teya,RU,60.3778,92.6267,33.98,93,100,14.65,light rain
143,Inirida,CO,3.8653,-67.9239,86.14,75,58,2.86,broken clouds
144,Paris,FR,48.8534,2.3488,54.37,74,20,4.61,few clouds
145,Victoria,HK,22.2855,114.1577,70.25,79,69,1.01,light rain
146,Lebu,CL,-37.6167,-73.65,55.35,65,70,9.26,broken clouds
147,Puerto Ayora,EC,-0.7393,-90.3518,76.96,78,91,10.07,overcast clouds
148,Derzhavinsk,KZ,51.1,66.3167,50.27,78,38,18.23,scattered clouds
149,Eskisehir,TR,39.7767,30.5206,57.07,62,0,9.22,clear sky
150,Henties Bay,NA,-22.116,14.2845,62.85,83,0,15.39,clear sky
151,Antofagasta,CL,-23.65,-70.4,63.68,67,20,10.78,few clouds
152,Corinto,GR,37.9407,22.9573,70.68,79,13,2.73,few clouds
153,Boralday,KZ,43.3578,76.8594,33.66,93,1,0.0,mist
154,Faanui,PF,-16.4833,-151.75,77.2,76,89,4.07,overcast clouds
155,Hokitika,NZ,-42.7167,170.9667,55.56,79,100,3.22,overcast clouds
156,Ribeira Grande,PT,38.5167,-28.7,72.0,60,20,10.36,few clouds
157,Perigueux,FR,45.1833,0.7167,54.81,75,0,3.11,clear sky
158,Alta Floresta,BR,-9.8756,-56.0861,87.62,58,0,3.44,clear sky
159,Shizunai,JP,42.3339,142.3669,45.07,67,8,5.77,clear sky
160,Bodden Town,KY,19.2833,-81.25,89.01,74,40,5.99,scattered clouds
161,Wilhelmsburg,AT,48.1057,15.6054,50.85,73,47,3.13,scattered clouds
162,Kamthi,IN,21.2333,79.2,68.34,58,10,1.92,clear sky
163,Belmont,US,37.5202,-122.2758,65.17,76,75,0.0,mist
164,Dukat,RU,62.55,155.55,-0.9,92,99,2.15,overcast clouds
165,Bonfim,BR,3.0833,-59.95,91.42,46,45,2.15,scattered clouds
166,Jatiroto,ID,-7.8833,111.1167,75.56,90,100,1.86,overcast clouds
167,Kantang,TH,7.4054,99.5156,76.73,91,100,3.44,overcast clouds
168,Terney,RU,45.0503,136.6092,43.23,65,69,8.39,broken clouds
169,Forestville,US,38.8451,-76.875,67.35,62,20,4.61,few clouds
170,Kruisfontein,ZA,-34.0033,24.7314,59.88,68,7,18.05,clear sky
171,Lagoa,PT,39.05,-27.9833,66.69,73,5,14.29,clear sky
172,Yukhnov,RU,54.7444,35.2297,41.94,69,97,11.12,light rain
173,Sovetskiy,RU,61.3614,63.5842,39.9,72,87,13.76,overcast clouds
174,Comodoro Rivadavia,AR,-45.8667,-67.5,64.26,14,20,23.02,few clouds
175,Ferrol,ES,43.4832,-8.2369,59.68,78,92,6.11,overcast clouds
176,Charters Towers,AU,-20.1,146.2667,71.29,84,44,4.18,scattered clouds
177,Bowen,AU,-20.0167,148.2333,71.82,77,34,7.11,scattered clouds
178,Lima,PE,-12.0432,-77.0282,64.13,77,75,10.36,broken clouds
179,Khatanga,RU,71.9667,102.5,10.92,92,100,17.07,overcast clouds
180,Caravelas,BR,-17.7125,-39.2481,79.41,68,62,8.9,broken clouds
181,Brigantine,US,39.4101,-74.3646,65.32,73,75,4.61,light rain
182,Itacoatiara,BR,-3.1431,-58.4442,92.84,46,61,3.53,broken clouds
183,Georgetown,MY,5.4112,100.3354,80.53,89,40,7.0,scattered clouds
184,San Patricio,US,28.017,-97.5169,86.05,54,95,13.09,overcast clouds
185,Rognan,NO,67.0953,15.3878,33.94,76,86,7.83,overcast clouds
186,Pecos,US,31.4229,-103.4932,84.31,36,1,5.75,clear sky
187,Vezirkopru,TR,41.1436,35.4547,54.09,53,0,2.77,clear sky
188,Caraballeda,VE,10.6112,-66.8522,91.47,63,40,8.05,scattered clouds
189,Mirandela,PT,41.4874,-7.187,61.23,47,96,1.16,overcast clouds
190,Moranbah,AU,-22.0016,148.0466,72.34,70,54,8.43,broken clouds
191,Airai,TL,-8.9266,125.4092,61.5,83,72,1.9,broken clouds
192,Basco,PH,20.4487,121.9702,79.7,82,67,22.55,broken clouds
193,Nikolskoye,RU,59.7035,30.7861,37.29,86,100,9.44,light rain
194,Lorengau,PG,-2.0226,147.2712,80.29,82,89,9.04,overcast clouds
195,Namibe,AO,-15.1961,12.1522,67.41,68,39,12.75,scattered clouds
196,Mubi,NG,10.2676,13.2644,80.73,59,87,3.0,overcast clouds
197,La Asuncion,VE,11.0333,-63.8628,94.73,52,69,20.71,broken clouds
198,Puerto Leguizamo,CO,-0.1934,-74.7819,94.6,41,68,3.0,broken clouds
199,Santa Isabel Do Rio Negro,BR,-0.4139,-65.0192,92.75,49,27,1.81,scattered clouds
200,Sinjai,ID,-5.1241,120.253,74.35,91,73,3.31,broken clouds
201,Narsaq,GL,60.9167,-46.05,37.62,78,90,3.44,overcast clouds
202,Auki,SB,-8.7676,160.7034,75.54,85,7,3.27,clear sky
203,Gore,NZ,-46.1028,168.9436,49.39,93,100,1.28,overcast clouds
204,Richards Bay,ZA,-28.783,32.0377,72.05,89,8,17.47,clear sky
205,Yar-Sale,RU,66.8333,70.8333,30.83,89,100,10.36,overcast clouds
206,Mahibadhoo,MV,3.7833,72.9667,82.8,73,58,14.94,broken clouds
207,Finschhafen,PG,-6.6024,147.8681,77.76,78,47,9.1,scattered clouds
208,Taoudenni,ML,22.6783,-3.9836,89.04,17,0,4.21,clear sky
209,Nushki,PK,29.5542,66.0215,55.36,20,0,2.46,clear sky
210,Mufulira,ZM,-12.5498,28.2407,81.79,29,97,3.15,overcast clouds
211,Pevek,RU,69.7008,170.3133,12.09,94,100,7.9,light snow
212,Maragheh,IR,37.3917,46.2398,52.07,35,20,0.0,few clouds
213,Soyo,AO,-6.1349,12.3689,80.65,81,86,8.93,overcast clouds
214,Hithadhoo,MV,-0.6,73.0833,82.35,74,98,11.77,overcast clouds
215,Sangar,RU,63.9242,127.4739,16.68,93,100,7.81,overcast clouds
216,Bandarbeyla,SO,9.4942,50.8122,78.55,78,7,10.16,clear sky
217,San Ignacio,BZ,17.1561,-89.0714,87.94,66,40,6.91,scattered clouds
218,Dothan,US,31.2232,-85.3905,79.18,50,1,1.99,clear sky
219,Mama,RU,58.3106,112.8986,35.22,99,98,4.81,light rain
220,Shahr-E Babak,IR,30.1165,55.1186,58.57,25,0,6.38,clear sky
221,Nuevo Progreso,MX,23.1667,-97.95,87.6,63,7,1.01,clear sky
222,Srednekolymsk,RU,67.45,153.6833,-13.9,98,58,4.36,broken clouds
223,Padang,ID,-0.9492,100.3543,77.11,90,75,3.13,broken clouds
224,Praia Da Vitoria,PT,38.7333,-27.0667,71.85,73,20,13.0,few clouds
225,Bambous Virieux,MU,-20.3428,57.7575,75.45,78,40,10.36,scattered clouds
226,Umm Lajj,SA,25.0213,37.2685,79.27,69,0,11.83,clear sky
227,Kitgum,UG,3.2783,32.8867,71.91,73,84,2.53,broken clouds
228,Tirumullaivasal,IN,11.2333,79.8333,80.4,81,80,7.76,broken clouds
229,Rosamorada,MX,22.1222,-105.2058,88.12,59,93,0.54,overcast clouds
230,Phrae,TH,18.0833,100.0,73.85,98,97,0.74,overcast clouds
231,Acari,PE,-15.4311,-74.6158,76.03,47,30,10.71,scattered clouds
232,Kahului,US,20.8947,-156.47,76.84,82,20,11.5,few clouds
233,Cap Malheureux,MU,-19.9842,57.6142,75.69,74,3,5.99,clear sky
234,Torbay,CA,47.6666,-52.7314,63.88,93,90,16.11,overcast clouds
235,Jiaocheng,CN,24.6774,116.1389,57.51,97,100,2.55,overcast clouds
236,Dingle,PH,10.9995,122.6711,74.35,95,100,5.84,light rain
237,Verkhnyaya Inta,RU,65.9811,60.3094,25.72,92,100,16.28,overcast clouds
238,Zilair,RU,52.2332,57.4392,45.75,81,100,8.28,overcast clouds
239,Kudahuvadhoo,MV,2.6708,72.8944,82.85,72,22,14.36,heavy intensity rain
240,Morant Bay,JM,17.8815,-76.4093,89.62,73,56,11.52,broken clouds
241,Karsun,RU,54.1994,46.9827,45.77,63,59,11.1,broken clouds
242,Pinawa,CA,50.1489,-95.8811,41.92,57,20,3.91,few clouds
243,Guerrero Negro,MX,27.9769,-114.0611,70.92,63,4,16.31,clear sky
244,Moree,AU,-29.4667,149.85,62.62,67,0,9.22,clear sky
245,Murud,IN,18.3258,72.965,76.01,83,42,6.11,scattered clouds
246,Talcahuano,CL,-36.7167,-73.1167,60.48,51,75,16.11,broken clouds
247,Nara,JP,34.6851,135.8049,49.98,66,0,1.48,clear sky
248,Bontang,ID,0.1333,117.5,77.7,87,94,3.22,overcast clouds
249,Tairua,NZ,-37.0167,175.85,56.08,94,100,15.84,overcast clouds
250,Bardiyah,LY,31.7561,25.0865,70.9,58,0,4.54,clear sky
251,Homa Bay,KE,-0.5273,34.4571,73.08,79,100,6.42,overcast clouds
252,Kedrovyy,RU,56.1667,91.8167,36.01,81,100,16.96,light rain
253,Bethel,US,41.3712,-73.414,58.98,60,90,6.91,overcast clouds
254,Hay River,CA,60.8156,-115.7999,40.98,75,75,10.36,broken clouds
255,Barrancabermeja,CO,7.0653,-73.8547,79.14,85,100,0.51,overcast clouds
256,Passage West,IE,51.8739,-8.3444,55.94,98,75,25.99,moderate rain
257,Bredy,RU,52.4153,60.3411,49.42,72,100,14.45,overcast clouds
258,Pisco,PE,-13.7,-76.2167,67.01,72,0,10.36,clear sky
259,Nome,US,64.5011,-165.4064,30.27,74,90,8.05,overcast clouds
260,Russell,US,32.3502,-85.1999,73.96,48,1,0.0,clear sky
261,Butaritari,KI,3.0707,172.7902,81.32,71,78,8.16,broken clouds
262,Necochea,AR,-38.5473,-58.7368,62.04,57,87,19.75,overcast clouds
263,Walvis Bay,NA,-22.9575,14.5053,63.09,78,0,21.54,clear sky
264,Touros,BR,-5.1989,-35.4608,88.7,57,29,12.71,scattered clouds
265,Baruun-Urt,MN,46.6806,113.2792,35.4,44,97,8.14,overcast clouds
266,Dharchula,IN,29.85,80.5333,57.74,77,3,6.49,clear sky
267,Paine,CL,-33.8167,-70.75,71.67,21,12,4.03,few clouds
268,Milton,US,34.1322,-84.3007,73.8,50,0,1.63,clear sky
269,Moshenskoye,RU,58.5102,34.5911,38.66,95,100,5.57,overcast clouds
270,Kiama,AU,-34.6833,150.8667,64.0,91,87,1.99,overcast clouds
271,Sarkand,KZ,45.41,79.9186,38.82,45,7,4.29,clear sky
272,Devils Lake,US,48.1128,-98.8651,41.95,72,20,11.01,few clouds
273,Chuy,UY,-33.6971,-53.4616,60.42,79,100,3.91,moderate rain
274,Rawson,AR,-43.3002,-65.1023,58.24,27,4,7.61,clear sky
275,Revelstoke,CA,50.9832,-118.2023,46.42,100,90,0.0,overcast clouds
276,Vao,NC,-22.6667,167.4833,71.33,79,95,16.24,overcast clouds
277,Paita,PE,-5.0892,-81.1144,71.37,72,100,11.81,overcast clouds
278,Manggar,ID,-2.8833,108.2667,79.75,77,72,0.76,broken clouds
279,Havelock,US,34.8791,-76.9013,75.97,71,20,5.99,few clouds
280,Lompoc,US,34.6391,-120.4579,67.08,65,1,9.22,clear sky
281,Jamame,SO,0.0722,42.7506,77.52,78,3,8.7,clear sky
282,Martapura,ID,-3.4167,114.85,78.89,94,75,1.14,broken clouds
283,Asau,RO,46.4333,26.4,49.95,61,14,4.23,light rain
284,Sibolga,ID,1.7427,98.7792,77.38,90,96,2.35,overcast clouds
285,Ozernovskiy,RU,51.5,156.5167,38.66,88,100,13.58,light rain
286,Margate,GB,51.3813,1.3862,55.11,74,59,12.3,broken clouds
287,Longyearbyen,SJ,78.2186,15.6401,19.24,79,40,4.61,scattered clouds
288,Sioux Lookout,CA,50.1001,-91.917,39.27,75,75,9.22,broken clouds
289,Praia,CV,14.9215,-23.5087,86.54,51,0,16.11,clear sky
290,Wattegama,LK,6.7989,81.4808,74.53,88,30,2.46,scattered clouds
291,Arrifes,PT,37.7667,-25.7,70.05,64,20,11.5,few clouds
292,Scarborough,GB,54.2797,-0.4044,54.09,74,98,5.01,overcast clouds
293,Moron,AR,-34.6534,-58.6198,70.02,58,79,11.61,light rain
294,Dickinson,US,29.4608,-95.0513,85.01,70,75,3.0,broken clouds
295,Buriti Bravo,BR,-5.8372,-43.8336,87.21,55,75,4.56,broken clouds
296,Union City,US,37.5958,-122.0192,65.1,73,75,3.0,broken clouds
297,Katsuura,JP,35.1333,140.3,55.51,59,34,9.53,scattered clouds
298,Jasper,US,37.2001,-94.3502,62.65,94,90,12.66,overcast clouds
299,Atambua,ID,-9.1061,124.8925,75.54,86,72,1.25,broken clouds
300,Cuiluan,CN,47.72,128.648,33.84,74,1,4.63,clear sky
301,Cape Girardeau,US,37.3834,-89.7168,58.48,90,100,5.12,overcast clouds
302,Neuquen,AR,-38.9516,-68.0591,69.69,24,0,16.11,clear sky
303,Parrita,CR,9.5201,-84.3225,90.05,74,75,5.41,broken clouds
304,Lashio,MM,22.9333,97.75,63.52,99,49,1.59,scattered clouds
305,Ahipara,NZ,-35.1667,173.1667,59.94,97,92,1.74,overcast clouds
306,Ploemeur,FR,47.7333,-3.4333,54.82,78,20,8.05,few clouds
307,Sitka,US,57.0531,-135.33,48.09,66,75,9.22,light rain
308,Ponta Do Sol,PT,32.6667,-17.1,73.0,66,26,3.6,scattered clouds
309,Hanzhong,CN,33.0728,107.0303,52.59,84,98,0.76,overcast clouds
310,Monywa,MM,22.1167,95.1333,76.12,87,49,2.04,scattered clouds
311,Zyryanovsk,KZ,49.7386,84.2719,36.88,53,95,2.68,moderate rain
312,Santander Jimenez,MX,24.2167,-98.4667,87.01,52,0,9.57,clear sky
313,Athmallik,IN,20.7219,84.5348,69.4,75,6,1.99,clear sky
314,Provideniya,RU,64.3833,-173.3,22.55,78,100,8.77,overcast clouds
315,Balingasay,PH,16.3573,119.8564,80.76,76,100,10.29,overcast clouds
316,Gornopravdinsk,RU,60.05,69.9,41.77,87,91,11.86,overcast clouds
317,Port Hardy,CA,50.6996,-127.4199,48.38,93,40,6.91,light rain
318,Vostok,RU,46.4856,135.8833,28.89,90,0,6.08,clear sky
319,Porto Santo,PT,33.072,-16.3415,72.3,64,40,11.5,scattered clouds
320,Codrington,AU,-38.2667,141.9667,48.88,85,21,12.93,few clouds
321,Gandajika,CD,-6.75,23.95,77.27,59,94,3.09,overcast clouds
322,Parintins,BR,-2.6283,-56.7358,94.19,44,81,4.25,light rain
323,Prachuap Khiri Khan,TH,12.2167,99.75,70.88,97,98,3.36,overcast clouds
324,Pangnirtung,CA,66.1451,-65.7125,30.2,86,90,6.91,light snow
325,Inhambane,MZ,-23.865,35.3833,75.18,94,20,14.97,few clouds
326,Vorontsovka,RU,50.6132,40.3549,50.67,46,82,10.74,broken clouds
327,Los Llanos De Aridane,ES,28.6585,-17.9182,66.13,76,75,7.0,broken clouds
328,Ostrovnoy,RU,68.0531,39.5131,28.71,83,100,16.06,overcast clouds
329,Aripuana,BR,-9.1667,-60.6333,98.98,31,72,4.43,broken clouds
330,Petropavlovsk-Kamchatskiy,RU,53.0452,158.6483,28.99,100,75,4.47,broken clouds
331,Ancud,CL,-41.8697,-73.8203,56.73,58,13,10.63,few clouds
332,Kenai,US,60.5544,-151.2583,42.15,90,75,13.8,broken clouds
333,Belyy Yar,RU,53.6039,91.3903,39.09,65,0,11.18,clear sky
334,Veraval,IN,20.9,70.3667,79.09,65,1,9.44,clear sky
335,Lulindi,TZ,-10.8167,39.1333,72.14,72,30,9.89,scattered clouds
336,Berlevag,NO,70.8578,29.0864,35.69,64,100,20.29,overcast clouds
337,Tiksi,RU,71.6872,128.8694,-2.22,100,98,4.81,overcast clouds
338,Bud,US,39.447,-86.1758,59.13,72,68,4.36,broken clouds
339,Saint-Joseph,RE,-21.3667,55.6167,73.78,81,78,7.36,broken clouds
340,Hofn,IS,64.2539,-15.2082,44.98,92,100,8.97,overcast clouds
341,Ruwi,OM,23.5996,58.5507,83.89,41,0,2.89,clear sky
342,Rudnichnyy,RU,59.617,52.4703,40.06,86,93,9.42,overcast clouds
343,Iralaya,HN,15.0,-83.2333,86.09,81,47,8.08,scattered clouds
344,Olafsvik,IS,64.8945,-23.7142,45.09,92,100,13.18,overcast clouds
345,Amapa,BR,1.0,-52.0,88.75,52,93,1.43,overcast clouds
346,Havre,FR,49.5833,0.3333,53.37,62,0,4.61,clear sky
347,Rudnogorsk,RU,57.2639,103.7519,28.53,90,93,6.62,overcast clouds
348,Massakory,TD,12.996,15.7293,93.47,16,5,8.59,clear sky
349,Hami,CN,42.8,93.45,50.2,39,100,3.71,overcast clouds
350,Xining,CN,36.6167,101.7667,42.1,82,52,2.64,broken clouds
351,Otuzco,PE,-7.9,-78.5833,28.72,64,62,8.34,snow
352,Verkhoyansk,RU,67.5447,133.385,0.05,99,99,2.84,overcast clouds
353,Cayenne,GF,4.9333,-52.3333,81.09,85,90,3.0,moderate rain
354,Fort Nelson,CA,58.8053,-122.7002,26.19,93,90,0.0,fog
355,Port-Cartier,CA,50.0334,-66.8654,48.74,93,100,4.88,overcast clouds
356,Nenjiang,CN,49.1833,125.2167,38.62,67,2,3.87,clear sky
357,Simpang,ID,-1.2667,104.0833,75.04,91,55,1.7,broken clouds
358,Paka,MY,4.6374,103.4368,75.13,94,43,0.0,scattered clouds
359,Andenes,NO,69.3143,16.1194,35.58,87,90,14.97,overcast clouds
360,Corralillo,CU,22.9819,-80.5856,85.77,61,96,3.71,overcast clouds
361,Linjiang,CN,41.8069,126.9078,34.9,77,0,1.45,clear sky
362,Tura,IN,25.5198,90.2201,66.36,87,0,2.95,clear sky
363,Yerbogachen,RU,61.2767,108.0108,31.55,81,91,11.3,overcast clouds
364,Constitucion,CL,-35.3333,-72.4167,59.86,55,4,18.86,clear sky
365,Cidreira,BR,-30.1811,-50.2056,72.82,73,80,9.37,moderate rain
366,Seinajoki,FI,62.7945,22.8282,30.88,76,20,3.44,few clouds
367,Kushima,JP,31.4583,131.2333,54.12,75,26,8.1,scattered clouds
368,Pirgos,GR,35.1167,25.7178,69.62,66,5,2.64,clear sky
369,Sabha,LY,27.0377,14.4283,85.46,14,46,11.01,scattered clouds
370,Tiznit,MA,29.5833,-9.5,67.28,68,0,4.99,clear sky
371,Samsun,TR,41.25,36.3333,59.0,75,20,3.44,few clouds
372,Knyaze-Volkonskoye,RU,48.4642,135.4567,41.34,73,0,11.54,clear sky
373,Karla,EE,59.3723,24.9275,39.16,79,75,11.5,broken clouds
374,Oyem,GA,1.5995,11.5793,66.54,94,68,2.19,broken clouds
375,Gillette,US,44.2911,-105.5022,61.05,41,1,8.01,clear sky
376,Coihaique,CL,-45.5752,-72.0662,52.41,40,40,16.11,scattered clouds
377,Lavumisa,SZ,-27.31,31.892,90.72,53,40,5.32,scattered clouds
378,Kysyl-Syr,RU,63.8986,122.7617,34.45,98,100,9.51,light rain
379,Saint-Augustin,CA,51.226,-58.6502,41.22,87,100,15.99,overcast clouds
380,Sao Felix Do Xingu,BR,-6.6447,-51.995,89.1,57,90,3.94,overcast clouds
381,Puksoozero,RU,62.5903,40.6066,27.55,96,95,5.88,overcast clouds
382,Maldonado,UY,-34.6667,-54.9167,60.22,87,100,9.64,overcast clouds
383,Atasu,KZ,48.6814,71.6433,41.95,50,5,12.84,clear sky
384,Bairiki,KI,1.3292,172.9752,78.8,78,40,2.3,scattered clouds
385,Maua,BR,-23.6678,-46.4614,91.08,37,1,6.96,clear sky
386,Mazyr,BY,52.0495,29.2456,43.48,73,72,13.09,broken clouds
387,Bathsheba,BB,13.2167,-59.5167,88.41,62,40,24.16,scattered clouds
388,Zhigalovo,RU,54.8097,105.1578,35.44,96,99,2.04,overcast clouds
389,Kaseda,JP,31.4167,130.3167,53.85,68,12,9.15,few clouds
390,Mount Gambier,AU,-37.8333,140.7667,46.31,93,75,5.75,broken clouds
391,Harper,LR,4.375,-7.7169,78.46,86,100,7.83,light rain
392,Tamandare,BR,-8.7597,-35.1047,83.34,66,80,11.48,broken clouds
393,Kishi,NG,9.0833,3.85,74.01,85,58,3.87,broken clouds
394,Carnarvon,AU,-24.8667,113.6333,69.87,73,0,13.8,clear sky
395,Vitim,RU,59.4511,112.5578,36.9,90,100,10.02,light rain
396,Jimma,ET,7.6667,36.8333,59.22,74,98,1.19,overcast clouds
397,Tautira,PF,-17.7333,-149.15,77.02,87,100,8.5,light rain
398,Aklavik,CA,68.2191,-135.0107,28.4,86,75,6.91,broken clouds
399,Shirokiy,RU,49.758,129.523,35.8,83,1,4.27,clear sky
400,Sao Filipe,CV,14.8961,-24.4956,80.26,67,0,4.23,clear sky
401,Mount Isa,AU,-20.7333,139.5,71.37,73,74,0.0,light rain
402,Safford,US,32.834,-109.7076,75.11,28,1,0.0,clear sky
403,Zhigansk,RU,66.7697,123.3711,21.94,95,100,18.3,snow
404,Sinnamary,GF,5.3833,-52.95,82.45,80,98,10.31,light rain
405,Maragogi,BR,-9.0122,-35.2225,82.8,69,76,12.26,broken clouds
406,Nador,MA,35.174,-2.9287,69.87,77,40,8.05,scattered clouds
407,Edeia,BR,-17.3383,-49.9314,94.19,26,39,7.94,scattered clouds
408,San Jose,US,37.3394,-121.895,65.01,68,40,5.75,scattered clouds
409,Grants Pass,US,42.439,-123.3284,52.25,93,90,1.01,light intensity drizzle
410,Kokopo,PG,-4.352,152.2633,76.98,84,38,7.16,scattered clouds
411,Porto Novo,BJ,6.4965,2.6036,75.87,90,97,4.74,light rain
412,Sechura,PE,-5.5569,-80.8222,76.1,61,99,8.72,overcast clouds
413,Beamsville,CA,43.1668,-79.4829,53.02,78,99,2.3,overcast clouds
414,Luwuk,ID,-0.9516,122.7875,76.77,77,93,3.78,overcast clouds
415,Poum,NC,-20.2333,164.0167,73.69,80,5,13.58,clear sky
416,Tolaga Bay,NZ,-38.3667,178.3,50.86,83,99,8.84,overcast clouds
417,Kerrville,US,30.0474,-99.1403,79.63,67,40,3.0,scattered clouds
418,Okhotsk,RU,59.3833,143.3,16.38,79,62,13.15,broken clouds
419,Sao Jose Da Coroa Grande,BR,-8.8978,-35.1478,82.98,68,77,12.12,broken clouds
420,Marsh Harbour,BS,26.5412,-77.0636,77.83,83,100,12.71,overcast clouds
421,Progreso,MX,21.2833,-89.6667,84.31,83,100,5.14,light rain
422,Yerky,UA,48.9906,30.9882,45.81,47,14,7.02,few clouds
423,College,US,64.8569,-147.8028,26.58,90,40,0.0,scattered clouds
424,Santa Ines,BR,-3.6667,-45.38,89.02,55,100,5.88,overcast clouds
425,Itaituba,BR,-4.2761,-55.9836,89.76,66,40,5.75,scattered clouds
426,Aberdeen,GB,57.1437,-2.0981,55.49,79,20,4.61,few clouds
427,Isla Mujeres,MX,21.2311,-86.731,87.17,79,99,8.59,overcast clouds
428,Puerto El Triunfo,SV,13.2833,-88.55,87.96,74,98,6.76,overcast clouds
429,Portland,US,45.5234,-122.6762,53.37,94,90,1.01,mist
430,Karata,RU,42.5949,46.3393,47.79,67,0,2.77,clear sky
431,Vaxjo,SE,56.8777,14.8091,35.73,93,0,1.14,clear sky
432,Flinders,AU,-34.5833,150.8552,64.2,87,79,5.01,broken clouds
433,Svetlaya,RU,46.5389,138.3297,41.61,71,23,6.69,few clouds
434,Ilebo,CD,-4.3167,20.5833,74.32,86,69,2.24,light rain
435,Palmer,US,42.1584,-72.3287,60.15,52,20,3.0,few clouds
436,Coxim,BR,-18.5067,-54.76,99.1,31,75,13.73,broken clouds
437,Merauke,ID,-8.4667,140.3333,77.09,80,68,10.89,broken clouds
438,Turukhansk,RU,65.8167,87.9833,31.91,98,100,13.56,light snow
439,Aden,YE,12.7794,45.0367,84.31,65,19,7.96,few clouds
440,Shellbrook,CA,53.2168,-106.4011,36.63,55,53,17.11,broken clouds
441,Khao Yoi,TH,13.2403,99.8243,76.91,96,100,4.47,light rain
442,Nakhon Phanom,TH,17.3333,104.4167,65.75,84,97,4.0,overcast clouds
443,Madimba,TZ,-10.4,40.3333,75.49,84,3,8.66,clear sky
444,Beloha,MG,-25.1667,45.05,72.01,78,11,6.15,few clouds
445,Antalaha,MG,-14.9003,50.2788,75.02,92,11,2.17,few clouds
446,Lyudinovo,RU,53.8664,34.4478,41.97,68,61,10.45,broken clouds
447,Ipixuna,BR,-1.7625,-48.8043,85.95,62,93,5.86,overcast clouds
448,Ust-Omchug,RU,61.15,149.6333,3.69,97,99,4.94,overcast clouds
449,Kaitangata,NZ,-46.2817,169.8464,50.4,90,100,3.51,overcast clouds
450,La Paz,BO,-16.5,-68.15,69.78,7,20,6.91,few clouds
451,Kudat,MY,6.8837,116.8477,78.73,89,40,8.05,scattered clouds
452,Shaunavon,CA,49.6501,-108.4181,40.78,60,94,19.42,overcast clouds
453,Vanimo,PG,-2.6741,141.3028,76.89,89,72,6.22,broken clouds
454,Bilibino,RU,68.0546,166.4372,-5.33,100,100,0.67,overcast clouds
455,Lyngdal,NO,58.1376,7.07,50.0,67,90,6.55,overcast clouds
456,Shimanovsk,RU,52.0,127.7,35.02,83,8,5.28,clear sky
457,Rio Gallegos,AR,-51.6226,-69.2181,53.65,26,75,44.87,broken clouds
458,Sakib,JO,32.2833,35.8095,61.92,78,0,4.74,clear sky
459,Dalhousie,IN,32.5333,75.9833,43.27,86,100,11.27,light rain
460,The Valley,AI,18.217,-63.0578,87.66,65,20,14.97,few clouds
461,Howard Springs,AU,-12.497,131.047,75.11,82,6,3.04,light rain
462,Chipinge,ZW,-20.1883,32.6236,76.66,42,42,8.34,scattered clouds
463,Latung,PH,5.5,120.8833,81.52,77,100,10.67,overcast clouds
464,Porto Belo,BR,-27.1578,-48.5531,76.78,81,71,11.32,moderate rain
465,Dubbo,AU,-32.25,148.6167,53.73,76,10,9.22,clear sky
466,Saint-Paul,RE,-21.0096,55.2707,75.31,95,60,4.9,broken clouds
467,Komsomolskiy,UZ,40.4272,71.7189,44.02,56,1,9.22,clear sky
468,Broome,US,42.2506,-75.833,50.77,75,90,1.01,light rain
469,Lipetsk,RU,52.6031,39.5708,44.46,62,39,11.54,scattered clouds
470,Lasa,IT,46.6166,10.7002,47.28,61,4,1.23,clear sky
471,Berdigestyakh,RU,62.0989,126.6992,31.32,99,100,5.91,light snow
472,Nalut,LY,30.3333,10.85,76.64,36,97,6.44,overcast clouds
473,Pouebo,NC,-20.4,164.5667,70.74,85,3,5.95,clear sky
474,Tornabe,HN,15.75,-87.55,89.85,89,40,4.61,scattered clouds
475,Kununurra,AU,-15.7667,128.7333,78.78,89,40,6.91,scattered clouds
476,Tual,ID,-5.6667,132.75,83.64,76,80,11.83,broken clouds
477,Luena,AO,-11.7833,19.9167,69.35,66,49,4.07,light rain
478,Jacareacanga,BR,-6.2222,-57.7528,88.93,57,100,1.14,overcast clouds
479,Houma,US,29.5958,-90.7195,84.99,73,40,10.36,scattered clouds
480,Bamiantong,CN,44.9333,130.5333,35.96,65,0,5.86,clear sky
481,Tefe,BR,-3.3542,-64.7114,93.31,66,40,4.61,scattered clouds
482,Tucuma,BR,-0.1833,-50.05,88.57,55,89,9.93,overcast clouds
483,Dahuk,IQ,36.8695,42.994,64.76,24,0,0.94,clear sky
484,San Carlos De Bariloche,AR,-41.1456,-71.3082,55.15,38,20,32.21,few clouds
485,Tigre,AR,-34.426,-58.5796,70.27,58,75,14.97,broken clouds
486,Mareeba,AU,-17.0,145.4333,69.44,97,45,4.05,scattered clouds
487,Tonj,SS,7.2737,28.6822,76.96,74,100,2.04,overcast clouds
488,Lanzhou,CN,36.0564,103.7922,40.28,64,34,1.7,scattered clouds
489,Soma,TR,39.1855,27.6094,60.21,68,9,2.37,clear sky
490,Karratha,AU,-20.7377,116.8463,80.31,41,83,6.64,broken clouds
491,Lepe,ES,37.2548,-7.2043,70.11,69,47,8.28,scattered clouds
492,Singaparna,ID,-7.3515,108.111,72.75,94,92,1.16,overcast clouds
493,Beyneu,KZ,45.3167,55.2,54.46,24,0,12.21,clear sky
494,Hoquiam,US,46.9809,-123.8893,53.58,65,90,11.5,mist
495,Harrisburg,US,40.2737,-76.8844,61.11,82,90,3.0,overcast clouds
496,Kirovskiy,RU,45.0917,133.5136,37.35,76,0,5.06,clear sky
497,Contai,IN,21.7786,87.7536,74.17,71,26,3.58,scattered clouds
498,Falmouth,GB,50.1544,-5.0711,55.98,76,90,13.8,overcast clouds
499,Muros,ES,42.7762,-9.0603,63.23,75,88,1.28,overcast clouds
500,Kamphaeng Phet,TH,16.25,99.5,73.0,85,60,4.61,broken clouds
501,Acurenam,GQ,1.0322,10.6488,67.01,95,99,1.68,overcast clouds
502,Prince Rupert,CA,54.3161,-130.3201,46.09,76,100,23.02,light rain
503,Vilyuysk,RU,63.7553,121.6247,36.3,94,100,11.23,overcast clouds
504,Preobrazheniye,RU,42.9019,133.9064,45.03,60,2,8.84,clear sky
505,Half Moon Bay,US,37.4636,-122.4286,64.81,78,1,9.22,mist
506,Sidi Ali,DZ,36.0998,0.4206,63.81,77,56,7.18,broken clouds
507,Velizh,RU,55.6056,31.1967,41.41,84,100,12.82,light rain
508,Baykit,RU,61.67,96.37,32.94,92,99,9.44,light snow
509,Itoman,JP,26.1247,127.6694,73.42,60,75,8.05,broken clouds
510,Mandalgovi,MN,45.7625,106.2708,36.05,32,0,6.06,clear sky
511,Saint George,US,37.1041,-113.5841,75.67,25,72,1.99,broken clouds
512,Mahebourg,MU,-20.4081,57.7,75.49,78,40,10.36,scattered clouds
513,Hovd,MN,48.0056,91.6419,36.28,56,74,6.62,broken clouds
514,Hauge,NO,58.3436,6.2812,49.69,78,92,7.76,overcast clouds
515,Isangel,VU,-19.55,169.2667,75.16,87,87,11.36,overcast clouds
516,Nsanje,MW,-16.92,35.262,89.58,33,10,7.34,clear sky
517,Chapais,CA,49.7834,-74.8492,35.38,59,98,4.03,overcast clouds
518,Nantucket,US,41.2835,-70.0995,64.51,72,20,13.8,few clouds
519,Gaogou,CN,34.0175,119.1886,55.58,70,100,4.5,light rain
520,Champerico,GT,14.3,-91.9167,92.77,75,68,6.55,broken clouds
521,Tangjiazhuang,CN,39.7333,118.45,46.96,61,0,4.07,clear sky
522,Villa Carlos Paz,AR,-31.4241,-64.4978,73.06,52,69,8.01,broken clouds
523,Marawi,PH,7.9986,124.2928,67.64,93,100,3.89,light rain
524,Klaksvik,FO,62.2266,-6.589,50.92,95,100,23.22,overcast clouds
525,Mamou,GN,10.5,-12.0,74.68,92,72,2.73,light rain
526,Kutum,SD,14.2,24.6667,81.77,19,10,15.26,clear sky
527,Dalian,CN,38.9122,121.6022,57.61,81,0,4.47,light rain
528,Mudon,MM,16.2578,97.7164,76.12,89,94,4.05,overcast clouds
529,Belaya Kholunitsa,RU,58.84,50.8528,40.41,83,73,7.74,light rain
530,Alot,IN,23.7667,75.55,69.37,66,0,4.61,clear sky
531,Dhidhdhoo,MV,6.8833,73.1,80.92,81,100,14.76,heavy intensity rain
532,Cehegin,ES,38.0924,-1.7985,63.16,66,32,5.35,scattered clouds
533,Pangai,TO,-19.8,-174.35,74.5,63,96,15.3,overcast clouds
534,Novyy Urengoy,RU,66.0833,76.6333,31.68,99,100,5.32,light snow
535,Shieli,KZ,44.1667,66.75,48.04,39,15,6.62,few clouds
536,Pangody,RU,65.85,74.4859,32.09,99,100,9.55,overcast clouds
537,Saint Anthony,US,45.0205,-93.218,50.34,56,1,1.01,clear sky
538,Korem,ET,12.5058,39.5228,56.93,56,16,5.82,few clouds
539,Puerto Carreno,CO,6.189,-67.4859,92.8,48,41,6.17,scattered clouds
540,Turkistan,KZ,43.0,68.0,49.06,36,12,10.2,few clouds
541,Launceston,AU,-41.45,147.1667,49.64,94,75,3.44,broken clouds
542,Shiraz,IR,29.6036,52.5388,65.64,19,0,4.61,clear sky
543,Yuncheng,CN,35.0231,110.9928,51.06,62,38,2.35,light rain
544,Chenghai,CN,23.4632,116.768,66.11,88,75,4.47,broken clouds
545,Manhattan,US,40.7834,-73.9662,60.93,61,90,0.0,overcast clouds
546,Barpathar,IN,26.3,93.8667,69.49,92,11,0.87,few clouds
547,Abatskoye,RU,56.2875,70.4555,47.35,74,54,16.67,broken clouds
548,Kabo,CF,7.6994,18.629,73.17,93,22,4.09,moderate rain
549,Ninghai,CN,29.2892,121.4247,61.74,78,100,4.99,light rain
550,Safaga,EG,26.7292,33.9365,80.55,46,0,14.88,clear sky
551,Montpelier,US,44.2601,-72.5754,52.75,56,1,6.91,clear sky
552,Rio Negrinho,BR,-26.2544,-49.5183,73.8,50,65,3.8,moderate rain
553,Phichit,TH,16.25,100.4167,72.37,94,60,1.59,broken clouds
554,Nuuk,GL,64.1835,-51.7216,29.01,46,40,9.22,scattered clouds
555,Buala,SB,-8.145,159.5921,79.23,76,37,6.17,scattered clouds
556,Lamar,US,33.6668,-95.5836,82.36,78,75,13.8,broken clouds
557,Tougan,BF,13.0667,-3.0667,89.53,36,73,6.87,light rain
558,Ikalamavony,MG,-21.15,46.5833,75.34,29,1,2.37,clear sky
559,Campbell River,CA,50.0163,-125.2446,49.53,97,90,1.99,mist
560,Ust-Nera,RU,64.5667,143.2,-0.62,99,92,3.22,overcast clouds
561,Chibuto,MZ,-24.6867,33.5306,84.15,46,0,15.88,clear sky
562,Bogorodskoye,RU,56.55,37.8833,37.29,85,74,9.35,broken clouds
563,Namatanai,PG,-3.6667,152.4333,78.76,80,47,7.47,scattered clouds
564,Eyl,SO,7.9803,49.8164,78.76,76,5,10.27,clear sky
565,Mosquera,CO,4.7059,-74.2302,62.69,77,75,11.5,light intensity drizzle
566,Chardara,KZ,41.2547,67.9692,50.79,31,6,8.7,clear sky
567,Timra,SE,62.487,17.3257,28.11,93,40,3.44,scattered clouds
568,Maumere,ID,-8.6199,122.2111,78.98,81,100,3.31,overcast clouds
569,Visby,SE,57.6409,18.296,41.86,65,75,14.97,broken clouds
570,Port-Gentil,GA,-0.7193,8.7815,78.28,80,98,9.42,overcast clouds
571,Husavik,IS,66.0449,-17.3389,37.31,97,100,3.83,overcast clouds
572,Maningrida,AU,-12.0667,134.2667,81.1,78,51,6.33,broken clouds
573,Diamantino,BR,-14.4086,-56.4461,96.33,36,100,9.51,overcast clouds
574,Les Cayes,HT,18.2,-73.75,85.93,63,35,12.62,scattered clouds
575,Otradnoye,RU,59.7775,30.8181,37.45,85,100,9.37,light rain
576,Murashi,RU,59.3999,48.9615,39.02,85,94,7.43,moderate rain
577,Mouila,GA,-1.8685,11.0559,74.86,88,57,1.41,broken clouds
578,Kattivakkam,IN,13.2167,80.3167,84.29,78,79,6.98,broken clouds
579,Tongzi,CN,28.7829,105.0877,57.76,76,60,1.59,light rain
580,Lobatse,BW,-25.2167,25.6667,74.52,15,0,14.54,clear sky
581,Raudeberg,NO,61.9875,5.1352,46.2,72,100,8.01,overcast clouds
582,Kloulklubed,PW,7.0419,134.2556,77.5,71,99,1.61,overcast clouds
583,Denpasar,ID,-8.65,115.2167,80.26,83,40,2.3,scattered clouds
584,Maniitsoq,GL,65.4167,-52.9,26.35,50,72,7.36,broken clouds
585,Emerald,AU,-23.5333,148.1667,77.14,69,100,4.61,overcast clouds
586,Davila,PH,18.4726,120.5763,79.66,82,97,16.37,overcast clouds
587,Las Vegas,US,36.175,-115.1372,75.54,36,1,5.75,clear sky
588,Sheffield Lake,US,41.4875,-82.1015,54.81,71,90,3.0,overcast clouds
589,Watsa,CD,3.0372,29.5355,66.42,95,78,3.33,light rain
590,Cam Ranh,VN,11.9214,109.1591,78.76,83,40,5.75,scattered clouds
591,Fairbanks,US,64.8378,-147.7164,26.6,90,1,0.0,clear sky
592,Sampit,ID,-2.5333,112.95,74.39,97,68,1.92,broken clouds
593,Svetlogorsk,BY,52.6333,29.7333,42.73,75,82,13.31,broken clouds
594,Palm Harbor,US,28.0781,-82.7637,90.01,64,40,1.01,scattered clouds
595,Khasan,RU,42.4308,130.6434,46.33,53,0,7.05,clear sky
596,Yichang,CN,30.7144,111.2847,53.53,62,4,2.77,clear sky
597,Aqtobe,KZ,50.2797,57.2072,48.29,87,0,8.95,clear sky
598,Oktyabrskoye,RU,43.0645,44.7417,41.14,87,1,2.24,clear sky
599,Ust-Kuyga,RU,70.0167,135.6,-5.84,100,91,1.52,overcast clouds
600,Japura,ID,-0.3167,102.35,73.53,99,57,2.46,broken clouds
601,Juneau,US,58.3019,-134.4197,46.4,90,90,11.5,light rain
602,Tukrah,LY,32.5341,20.5791,76.75,46,3,8.7,clear sky
603,Luocheng,CN,29.3848,104.0286,57.69,86,100,2.71,light rain
604,Monrovia,LR,6.3005,-10.7969,79.68,81,62,9.13,broken clouds
605,Mayo,US,38.8876,-76.5119,67.77,66,75,1.99,broken clouds
606,Pemberton,CA,50.3164,-122.8027,46.09,87,77,3.47,broken clouds
607,Xichang,CN,27.8964,102.2634,55.27,87,61,2.13,broken clouds
608,Ati,TD,13.2154,18.3353,94.55,20,12,7.72,few clouds
609,Menongue,AO,-14.6585,17.691,74.77,44,22,5.35,few clouds
610,Kavaratti,IN,10.5669,72.642,81.79,77,69,3.94,broken clouds
611,Altay,CN,47.8667,88.1167,27.1,64,42,6.29,scattered clouds
612,Aldan,RU,58.6031,125.3894,28.33,86,98,7.65,overcast clouds
613,Coahuayana,MX,18.7333,-103.6833,88.36,62,96,3.98,overcast clouds
614,Vicuna,CL,-30.0319,-70.7081,77.77,26,0,9.57,clear sky
615,Sao Joao Da Barra,BR,-21.6403,-41.0511,78.89,79,27,16.11,scattered clouds
616,Evensk,RU,61.95,159.2333,10.02,74,99,10.47,overcast clouds
617,San Felipe,VE,10.3399,-68.7425,81.61,84,70,3.02,broken clouds
618,Shenjiamen,CN,29.9576,122.298,64.92,60,100,9.22,overcast clouds
619,Drexel Heights,US,32.1412,-111.0284,81.86,28,1,4.0,clear sky
620,San Cristobal,VE,7.7669,-72.225,80.78,58,83,5.12,broken clouds
621,Alyangula,AU,-13.8483,136.4192,78.67,94,22,0.0,few clouds
622,Brasileia,BR,-11.0161,-68.7481,95.45,55,75,11.5,broken clouds
623,Sao Miguel Do Araguaia,BR,-13.275,-50.1628,90.66,42,58,7.31,broken clouds
624,Joshimath,IN,30.5667,79.5667,52.9,63,4,6.13,clear sky
625,Aykhal,RU,66.0,111.5,23.25,92,79,20.38,broken clouds
626,Nikolayevsk-Na-Amure,RU,53.1406,140.73,29.79,97,50,4.74,scattered clouds
627,Paro,BT,27.4305,89.4133,54.25,95,99,1.1,overcast clouds
628,Vittoria,IT,36.9537,14.5332,73.92,64,40,6.91,scattered clouds
629,Qaqortoq,GL,60.7167,-46.0333,37.9,75,61,6.87,broken clouds
630,Ixtapa,MX,20.7,-105.2,86.23,82,90,4.0,overcast clouds
631,Dicabisagan,PH,17.0818,122.4157,77.52,89,100,5.44,overcast clouds
632,Gimli,CA,50.6336,-96.9907,41.43,81,68,4.61,broken clouds
633,Atocha,BO,-20.9333,-66.2333,66.42,6,35,36.24,scattered clouds
634,Tatarsk,RU,55.219,75.9828,49.44,71,100,17.29,overcast clouds
635,La Ronge,CA,55.1001,-105.2842,35.85,75,90,14.97,overcast clouds
636,Pascagoula,US,30.3658,-88.5561,83.05,55,1,4.61,clear sky
637,Prainha,BR,-1.8,-53.48,91.6,48,59,4.16,light rain
638,Straumen,NO,63.8709,11.2999,41.5,91,95,5.77,light rain
639,Port Moresby,PG,-9.4431,147.1797,74.62,100,40,3.44,haze
640,Ara,IN,25.5667,84.6667,71.49,69,0,3.27,clear sky
641,Dunedin,NZ,-45.8742,170.5036,53.8,83,100,8.99,overcast clouds
642,Union,US,40.6334,-74.2663,62.28,65,90,4.61,overcast clouds
643,Trindade,BR,-16.6494,-49.4889,85.75,25,36,5.88,scattered clouds
644,Sambava,MG,-14.2667,50.1667,75.92,91,46,3.18,light rain
645,Abengourou,CI,6.7297,-3.4964,74.35,97,74,2.91,light rain
646,Yenagoa,NG,4.9247,6.2642,73.08,97,100,3.36,overcast clouds
647,Samana,DO,19.2056,-69.3369,88.02,70,20,6.91,few clouds
648,Kulhudhuffushi,MV,6.6221,73.07,81.32,79,100,15.21,moderate rain
649,Arlit,NE,18.7369,7.3853,93.18,11,57,6.24,broken clouds
650,Kamenka,RU,51.3223,42.7678,52.68,65,100,13.69,overcast clouds
651,Seye,MX,20.8333,-89.3667,83.32,75,99,2.13,overcast clouds
652,Polunochnoye,RU,60.8697,60.4153,38.07,81,68,13.6,broken clouds
653,Aksehir,TR,38.3575,31.4164,57.56,36,0,2.04,clear sky
654,Bongandanga,CD,1.5,21.05,77.56,73,94,2.37,overcast clouds
655,Meulaboh,ID,4.1363,96.1285,76.87,89,94,2.89,moderate rain
656,Qeshm,IR,26.9581,56.2719,80.47,65,0,6.76,clear sky
657,Sokolo,ML,14.7328,-6.1219,96.3,25,30,3.76,scattered clouds
658,El Alto,PE,-4.2714,-81.2147,71.01,71,99,15.77,overcast clouds
659,Yamada,JP,39.4667,141.95,43.45,74,5,6.2,clear sky
660,Jabinyanah,TN,35.035,10.9081,76.8,83,100,12.91,overcast clouds
661,Atar,MR,20.5169,-13.0499,90.63,10,3,4.43,clear sky
662,Port Macquarie,AU,-31.4333,152.9167,63.9,94,19,6.4,few clouds
663,Presidencia Roque Saenz Pena,AR,-26.7852,-60.4388,67.96,92,72,13.67,broken clouds
664,Visegrad,BA,43.7847,19.2992,46.44,95,100,3.04,overcast clouds
665,Camacha,PT,33.0833,-16.3333,69.53,64,40,11.5,scattered clouds
666,Kolokani,ML,13.5728,-8.0339,85.64,53,82,3.38,broken clouds
667,Skelleftea,SE,64.7507,20.9528,25.16,67,43,4.61,scattered clouds
668,Szczytno,PL,53.5626,20.9875,40.93,100,40,5.75,scattered clouds
669,Nileshwar,IN,12.25,75.1,77.63,86,94,3.38,overcast clouds
670,Acarau,BR,-2.8856,-40.12,87.3,58,82,17.78,broken clouds
671,Sorland,NO,67.667,12.6934,41.92,65,83,13.44,broken clouds
672,Buchanan,LR,5.8808,-10.0467,78.96,86,78,7.29,broken clouds
673,Belaya Gora,RU,68.5333,146.4167,-9.71,95,87,3.89,overcast clouds
674,Sonoita,MX,31.85,-112.8333,80.53,23,9,12.12,clear sky
675,Bitung,ID,1.4451,125.1824,76.05,81,97,0.87,overcast clouds
676,Matara,LK,5.9485,80.5353,78.4,81,12,8.05,few clouds
677,Sydney,AU,-33.8679,151.2073,66.31,92,75,1.01,broken clouds
678,Rio Verde De Mato Grosso,BR,-18.9181,-54.8442,97.34,32,58,17.87,broken clouds
679,Narok,KE,-1.0783,35.8601,62.56,68,98,3.13,overcast clouds
680,Camana,PE,-16.6228,-72.7111,66.61,69,51,10.29,broken clouds
681,Sorong,ID,-0.8833,131.25,79.03,83,67,7.58,broken clouds
682,Port Shepstone,ZA,-30.7414,30.455,68.2,70,5,26.98,clear sky
683,Zhuji,CN,29.7188,120.2423,60.71,95,100,0.94,overcast clouds
684,Flin Flon,CA,54.7682,-101.865,37.24,93,75,6.91,mist
